Category,Question,Answer
차량구매,"보유중인 자동차를 팔고 싶은데, 어떻게 하면 좋을까요?",현대 인증중고차 (certified.hyundai.com) 의 내차팔기 서비스를 통해 판매할 수 있습니다. 자세한 사항은 현대 인증중고차 사이트에서 확인해 주세요. 현대 인증중고차 사이트 바로가기▶
차량구매,포인트는 어떻게 활용하나요?,"포인트는 블루멤버스 사이트 내에서 현금 처럼 사용 하실 수 있으며, 고객님께서 블루핸즈 서비스를 받으실 때도 현금처럼 지불 하실 수 있습니다"
차량구매,폐차 의뢰 및 신청은 어떻게 하나요?,서비스/멤버십 > 내차 항목의 '친환경 폐차 신청'으로 들어가셔서 신청하시는 것이 가장 신속하고 정확합니다. 인터넷 신청이 불편하시면 유선전화 (1544-2738)로 문의하셔서 폐차 신청을 할 수 있습니다.
차량구매,차량구입시 신용카드는 얼마까지 이용할 수 있나요?,▶ 자동차 구입시 신용카드를 이용한 결제는 고객님 신용카드 한도내에서 희망하시는 금액      까지 자유로이 결제가 가능합니다.
차량구매,차량구입시 신용카드는 복수의 카드로 결제가 가능한가요?,"▶ 예, 가능합니다. 신용카드 갯수에 제한없이 결제가 가능합니다."
차량구매,"보유중인 자동차를 팔고 싶은데, 어떻게 하면 좋을까요?",현대 인증중고차 (certified.hyundai.com) 의 내차팔기 서비스를 통해 판매할 수 있습니다. 자세한 사항은 현대 인증중고차 사이트에서 확인해 주세요. 현대 인증중고차 사이트 바로가기▶
차량구매,포인트는 어떻게 활용하나요?,"포인트는 블루멤버스 사이트 내에서 현금 처럼 사용 하실 수 있으며, 고객님께서 블루핸즈 서비스를 받으실 때도 현금처럼 지불 하실 수 있습니다"
차량구매,폐차 의뢰 및 신청은 어떻게 하나요?,서비스/멤버십 > 내차 항목의 '친환경 폐차 신청'으로 들어가셔서 신청하시는 것이 가장 신속하고 정확합니다. 인터넷 신청이 불편하시면 유선전화 (1544-2738)로 문의하셔서 폐차 신청을 할 수 있습니다.
차량구매,차량구입시 신용카드는 얼마까지 이용할 수 있나요?,▶ 자동차 구입시 신용카드를 이용한 결제는 고객님 신용카드 한도내에서 희망하시는 금액      까지 자유로이 결제가 가능합니다.
차량구매,현대자동차 차량을 구입하려면 어떻게 해야하나요?,"현대자동차에서는 전국 정식 지점/대리점을 통해서만 차량을 판매하고 있습니다. 그 이외의 유통경로(인터넷 등)로는 차량 공급이 되지 않사오니 차량 구입시 주의해주시기 바라며 전국 어느곳에서나 같은 제품,같은 가격으로 바른거래를 실천하고 있습니다.  참고로, 현대자동차 홈페이지 구매상담 신청을 이용시 고객님께서 원하시는 지점,대리점을 선택하여 상담신청을 하시면 현대자동차의 전문영업사원이 신속하고 친절하게 차량구매에 관한 모든 궁금증을 해결해 드리겠습니다."
차량구매,세이브오토 이용에 관해 알고 싶습니다.,"▶ 현대자동차 신차 구입 시 Hyundai Mobility카드를 이용하는 경우 차량구매 대금 중 일부를 해당 포인트(20만/30만/50만)만큼 先할인해 드립니다  先할인 받으신 금액은 이후 36개월 동안 고객님의 Hyundai Mobility카드 사용실적에 따라 적립되는 포인트로 상환하시게 되며, 미상환하신 경우 익월 카드대금 청구 시 전액 청구됩니다.  블루 세이브-오토 프로그램은 적용을 원하시는 고객께서 신청하시는 경우에만 적용되고 이용기간 중 미상환하신 포인트에 대한 대금청구 시 이자는 부과되지 않습니다."
차량구매,차량에 부과되는 세금은 어떤 종류가 있나요?,"▶ 현행 자동차관련 세금항목은 다음과 같습니다.  ① 구입단계 : 개별소비세(8인승 이하 승용차限), 교육세(개소세의 30%), 부가가치세 ② 등록단계 : 등록세,취득세 ③ 소유단계 : 자동차세(연단위 부여) ④ 유류관련 : 교통세, 주행세, 교육세, 부가가치세 ⑤ 기타 : 공채매입, 환경개선비용부담금(해당자동차限)"
차량구매,신차 구매 시 타던 차량을 반납하면 신차 할인 받을 수 있나요?,현대 인증중고차의 내차팔기 서비스와 연계하여 신차 할인과 중고차 추가 보상 혜택을 받을 수 있습니다. 자세한 사항은 [이벤트> 진행중 이벤트]를 통해 확인해 주세요.
차량구매,차량구입시 의무보험료란 금액을 납부하였습니다. 이것은 어떤 종류의 보험인가요?,"의무보험은 차량이 출고센터를 동해 출고되어 임시운행기간동안에만 유효한 보험입니다.  이는 임시운행 기간중 발생되는 교통사고 피해자의 피해배상 보장을 위한 자동차 손해배상 보장법 개정으로 임시운행허가 차량의 의무보험 가입이 법제화 되었습니다.  보상책임기간은 출고일부터 임시운행허가 기간인 10일(기간 만료일 24시까지)동안이고 보험료는 차종별 정액보험료가 적용됩니다. (대부분의 경우 1만원 이내)  따라서 차량을 구입하신 고객께서는 임시운행허가기간 종료 이전에 1년만기 책임보험, 혹은 종합보험에 반드시 가입하셔야 합니다.  의무보험은 1회 소멸성 보험으로 임시운행증을 반납하거나 다른 책임보험에 가입하시는 경우 자동으로 해지가 됩니다."
차량구매,현대자동차 차량을 구입하려면 어떻게 해야하나요?,"현대자동차 신차구입시 사용하실 수 있는 포인트는,  현대카드 M포인트, 현대자동차 제휴포인트(외환, KB 등) 및 각종 이벤트를 통해 획득하신포인트 등이 있고 1포인트는 1원으로 환산되어 차량가격 할인을 받으실 수 있습니다.  단, BC 카드 포인트는 2003.5.1일부로 제휴 계약 해지로 인하여 신차 구입시 사용하실 수 없습니다. 기 적립된 포인트는 BC 카드사로 연락하시면 카드 대금에서 차감 청구가 가능합니다."
차량구매,차량대금을 신용카드로 결제할 경우 소득공제가 가능한가요?,불가능합니다.  조세특례제한법 제126조 3항 3호에 의거하여 신규로 출고되는 자동차 구입시 사용한 신용카드 금액은 소득공제 대상에서 제외됩니다.(2002년 12월1일 승인분부터 적용)
차량구매,자동차 리스로 차를 구매하고 싶어요,자동차 리스는 고객의 다양한 Needs에 맞는 맞춤형 상품 구입이 가능합니다 자동차 리스도 할부나 현금구매와 동일하게 현대자동차 영업사원에게 문의하시면 됩니다.
차량구매,현대자동차에서 중고차를 구매할 수 있나요?,현대 인증중고차 (certified.hyundai.com) 의 내차사기 서비스를 통해 구매할 수 있습니다. 자세한 사항은 현대 인증중고차 사이트에서 확인해 주세요. 현대 인증중고차 사이트 바로가기▶
차량구매,자동차 리스에 대해 알고 싶어요,"자동차 리스란, 캐피탈사가 고객이 원하는 자동차를 대신 구매하여 고객에게 차량을 임대하여 제공하여 주고 고객은 캐피탈사에 매월 이용료를 납부하는 방식의 자동차 금융 상품입니다.  고객의 다양한 Needs에 맞는 맞춤형 상품 구성이 가능하며, 자동차 리스도 할부나 현금 구매와 동일하게 현대자동차 영업사원에게 문의하시면 됩니다."
차량구매,현대자동차 신차구입시 사용할 수 있는 포인트는 뭐가 있나요?,"현대자동차 신차구입시 사용하실 수 있는 포인트는,  현대카드 M포인트, 현대자동차 제휴포인트(외환, KB 등) 및 각종 이벤트를 통해 획득하신포인트 등이 있고 1포인트는 1원으로 환산되어 차량가격 할인을 받으실 수 있습니다.  단, BC 카드 포인트는 2003.5.1일부로 제휴 계약 해지로 인하여 신차 구입시 사용하실 수 없습니다. 기 적립된 포인트는 BC 카드사로 연락하시면 카드 대금에서 차감 청구가 가능합니다."
차량구매,본인 이외의 가족이 보유한 포인트를 사용할 수 있나요?,'14.8월 개인정보 보호법 개정으로 가족카드/가족회원의 포인트 사용이 불가합니다.  블루멤버스 포인트 및 현대카드 M포인트 모두 본인 및 공동명의자의 포인트로만 차량구입시 사용하실 수 있습니다.
차량구매,포인트의 유효기간은 어떻게 되나요?,"지급된 블루멤버스 포인트는 60개월(5년) 간 사용 가능합니다. 유효기간 경과 시, 포인트는 월 단위로 익월 1일 소멸됩니다."
차량구매,세이브오토를 취소하려고 하는데 취소 방법은 어떻게 되나요?,세이브오토 프로그램을 신청하셨던 지점/대리점에 철회/해지신청서가 있습니다. 신청서를 작성하신 후 해당 지점/대리점에 철회/해지 요청을 하시면 됩니다.
차량구매,장애인 조건으로 차량구입시 혜택을 알고 싶습니다.,"▶장애인 조건으로 차량 구입시 혜택은 크게 3가지 입니다. ① 차량 개소세 면세 ② 지방세(취득세, 등록세, 자동차세)면세(서울시 기준) ③ 공채매입 면세  장애 대상별 면세 내용은 구매 가이드 > 제도 및 규정 > 세금 > 장애인 면세 메뉴에서 확인 가능합니다. 자세히보기 >  ※지방세 면세내용은 각 지방자치단체 조례에 따라 상이하므로 반드시 해당 지방자치단체로 문의 및 구입전 확인을 요합니다."
차량구매,고엽제 후유증 환자의 면세조건에 대해 알고 싶어요,"고엽제후유증환자 지원에 관한 법률에 적용되는 장애우(友) 고객께서는 2004년 1월 1일 이후 출고되는 차량구입시 개소세 면제를 받으실 수 있습니다.  고엽제후유증 환자 고객의 LPG차량구입 및 개소세 면제는 경도장애 이상의 경우에 가능하며, 국가보훈처에서 발행한 고엽제법 적용 대상 확인원 상에 장애등급이 표기되어 있으면 가능합니다."
차량구매,광주민주화운동 부상자 면세조건에 대해 알고 싶습니다.,"▶ ""광주민주화 유공자 예우에 대한 법률""에 적용되는 장애우(友) 고객께서는 2004년 1월 1일       이후 출고되는 차량구입시 개소세 면제를 받으실 수 있습니다.       광주민주화운동 부상자 LPG차량구입 및 개소세 면제는 장애 1~14급의 경우에 가능하며,      국가보훈처에서 발행한 ""광주민주유공자증"" 상에 장애등급이 표기되어 있으면 가능합니다."
차량구매,장애인 가족이 사망했을 경우 장애인용 LPG 차량은 어떻게 해야하나요?,"LPG 승용자동차를 사용하는 장애인 및 국가상이유공자가 사망할 경우, 유가족이 당해차량을 계속 사용이 가능하도록 기존의 사용제한규정(당사자 사망일로부터 1년)이 폐지되었습니다.  개정법령은 산업자원부령으로 확정, 2003.8.11일부로 공포/시행되었으며,  적용대상은 2002.9.30일 이후 LPG 승용자동차를 소유하던 장애인 및 국가상이유공자가 사망한 경우로 그 사망당시 당해 차량을 소유한 보호자 또는 상속받은자가 동 차량을 계속 운행하는 경우에만 해당됩니다."
차량구매,장애인차량 구입조건에 대해 알고 싶습니다.,"장애인 조건의 차량구입은 장애인 단독명의, 장애인과 주민등록표상 세대를 함께하는 배우자, 직계존비속,형제자매 또는 직계비속의 배우자 공동명의로 구입이 가능합니다.  단, 몇가지 조건이 붙는데 장애인 공동명의 조건으로 구입하신 차량은 차량출고후 5년간 동일조건(주민등록법상 동일세대)를 유지해야 하고 이 조건이 충족되지 않을때 면세받은 금액을 납부하셔야 합니다. 또한 재구입연한이 만 5년으로 되어있어 기간내에 동일차량을 계속 보유하셔야 되며, 이또한 조건 불충족시 면세받으신 세금을 납부하시게 됩니다."
차량구매,현재 장애인조건의 차량을 보유하고 있습니다. 장애인조건 차량의 추가구입이 가능하나요?,▶ 불가합니다.      장애인조건의 차량구입은 장애인 1인당 1대에 한하여 가능하고 신차 구입후 만 5년후 이후      다시 신차구입이 가능합니다.
차량구매,세이브오토 및 M포인트 차감을 통해 차량가격을 할인받았습니다. 그런데 세금계산서상 금액과 차이가 있는데 왜 그런가요?,"▶ 세이브오토 및 M포인트는 현대카드사와 공동으로 시행중인 이벤트행사입니다. 세이브오토 및 M포인트 사용을 통해 할인받으신 금액은 전액 세금계산서에서 제외되지 않고 60%는 현대자동차가, 나머지 40%는 현대카드사에서 지원하고 있습니다.  따라서 현대카드사 부담분(40%)은 현대자동차 차량판매에 대한 세금계산서상 할인매출로 인식되지 않습니다."
차량구매,차량구입에 관련된 금액은 어떠한 결제방식이 있나요?,"▶ 차량구입에 관련된 금액의 결제는 현금, 신용카드 및 할부이용 등의 방법이 있습니다. 그 이외 현재 보유차량 매각대금 대체 및 직불카드 등의 이용은 불가합니다."
차량구매,차량 대금을 신용카드로 결제하려고 합니다. 계약자 이외의 다른 사람의 카드로 결제가 가능한가요?,"▶ 자동차 구입대금 결제시 본인 이외의 제3자 신용카드를 이용한 결제는 불가능 합니다.  2001년 6월 재정경제부와 관련부처의 법률해석 결과, 당사자간의 동의여부를 불문하고 구매자 이외의 신용카드를 이용한 거래는 여신전문금융법 제19조에서 <위장매출전표 작성행위>에 해당됩니다.  따라서 계약자 본인 이외의 제3자 신용카드는 사용하실 수 없습니다."
차량구매,할부금을 카드로 결제할 수 있나요?,"▶ 불가능합니다. 할부금은 금전채무로 분리되어 있으며, 여신전문금융업법상 금전채권은 카드로 결제할 수 없게 되어있습니다."
차량구매,차량 구입시 견적에 포함되는 공채매입과 할인의 차이는 무엇인가요?,"차량을 구입하시는 모든 분께서는 반드시 관할지역(광역시 또는 지방)에서 발행하는 공채를 의무적으로 구입하시도록 되어있습니다.(도시철도법 시행령 등)  이는 지하철이 있는 광역시에서는 지하철 건설에 쓰이는 재원으로 쓰이고 기타 도시에서는 도로확충 및 유지보수에 사용되는 재원으로, 각 지방자치단체에서 7년 거치후 원리금을 일시에 상환해 드리고 있습니다. 이것이 공채매입 입니다.  다만, 7년간의 보유기간 중 분실 등의 위험이 있으므로 원하시는 고객께서는 채권할인 전문업체나 증권사에서 7년 동안 예상되는 자치단체의 이자수익을 제외한 금액을 채권구입과 동시에 돌려드립니다. 이것을 할인매도라고 합니다.  공채할인율은 차량등록일을 기준으로 매일매일 약간씩 변동되오니 차량등록전 공채할인율을 확인하시기 바랍니다."
차량구매,근저당 설정이 되어 있습니다. 어떻게 해야하나요?,"할부금 완납을 하셨다면 해당 관청에서 근저당 말소 신청을 하셔야 합니다.  차량에 근저당 설정이 되어 있는 경우 할부금 완납을 하셨어도 자동 해지가 되지 않으므로 해당 관청에서 등록원부 갑,을부 서류를 발급받은 후 설정권자가 현대자동차인지 확인하여 설정권자가 현대자동차인 경우는 등록원부 갑,을부를 지참하여 가까운 지점 방문후 근저당 말소 신청서를 수령 받은 후에 관청에 말소신청 해주시면 됩니다.  ※설정권자가 현대캐피탈인 경우 1588-2114로 문의해 주시기 바랍니다."
차량정비,"(상용) 수동재생 진행 중, 시동을 꺼도 되나요?","재생 중에는 끄지 말아 주시고, 수동재생 탈출 후엔 바로 시동을 꺼도 됩니다. 배기정화장치 DPF 내부 이상 고온 현상으로 DPF 및 엔진이 손상될 수 있습니다"
차량정비,(상용) 주행 중 갑자기 엔진 출력이 떨어지면서 노킹 현상이 나타납니다. 왜 그런가요?,"엔진 출력이 급격히 떨어지고 노킹 현상 Knocking, 엔진의 연료실 벽을 작은 망치로 두드리는 듯한 소리가 나는 현상이 지속적으로 발생하면 엔진의 오버히트를 의심해 봐야 합니다. 오버히트는 냉각수가 부족하거나 샐 경우, 워터펌프 구동벨트가 끊어진 경우, 냉각팬이 돌지 않을 경우 등 여러 가지 원인으로 인해 엔진이 과열돼 증기가 끓어오르는 현상입니다. 이때는 계기판에 있는 냉각수 온도 게이지가 적색 눈금 H을 가리키게 됩니다. 겨울철에는 냉각수에 부동액이 들어있지 않거나 엔진 내부가 동결되어 냉각수가 순환하지 못할 때에도 동일한 현상이 발생합니다. 주행 중 엔진이 과열돼 오버히트 현상이 발생했을 때는 당황하지 말고 비상경고등을 켠 채 가능한 빨리 도로 옆 안전한 곳에 차를 세웁니다. 이때 시동을 바로 끄면 엔진이 고착되기 때문에 변속 레버를 중립에 놓고 약 2 ~ 3분간 시동을 그대로 켜놓은 상태에서 엔진 실내에 통풍이 잘 되도록 후드를 열어 놓고, 냉각수 온도 게이지가 정상 C에 가까워질 때까지 엔진을 냉각시킵니다. 후드를 열 때는 뜨거운 수증기나 물이 뿜어져 나오거나 후드 자체가 뜨거울 수 있으므로 주의해야 합니다. 공회전 상태에서도 냉각수 온도 게이지가 떨어지지 않으면 시동을 끄고 자연적으로 엔진을 냉각시킵니다. 만약 냉각수가 차 밑으로 흘러넘치거나 수증기가 후드 위로 새 나올 경우에는 엔진을 정지시키고 차량을 견인해 정비공장에 입고 후 누수 부위를 점검하고 정비를 받아야 합니다."
차량정비,(상용) 주행 중 갑자기 시동이 꺼지는 현상이 발생합니다. 어디에 문제가 있는 것일까요?,"주행 중 시동이 꺼져 당황하신 적이 있을 것입니다. 시동 꺼짐 현상은 보통 연료계통과 점화계통, 엔진 전자제어계통 등에 이상이 있을 경우 발생합니다. 전자제어 가솔린 엔진의 경우 연료 펌프와 연료 필터 막힘, 인젝터·점화 코일·컴퓨터 ECU 고장, 엔진 관련 센서 이상, 엔진 관련 휴즈 단선, 엔진 배선 합선 등이 원인이 될 수 있습니다. LPG를 사용하는 엔진의 경우에는 연료계통 부품 종류가 다를 뿐 가솔린 엔진과 큰 차이는 없으나 베이퍼라이져, 믹서 등의 고장으로 인해서도 시동 꺼짐 현상이 발생할 수 있습니다. 디젤 연료를 사용하는 엔진은 기계식과 전자제어식 커먼레일 엔진으로 구분할 수 있는데, 기계식인 경우는 연료 필터 막힘, 연료계통 공기 유입, 인젝션 펌프 고장으로 인해 시동 꺼짐이 발생할 수 있고, 전자제어식인 경우 엔진 관련 센서, 연료 필터 막힘, 연료에 이물질 유입, 커먼레일시스템고압 펌프·레일 압력 센서·인젝터 등, 엔진 관련 휴즈 단선, 배선합선, ECU 고장 등으로 인해서도시동 꺼짐이 발생할 수 있습니다. 시동 꺼짐 현상은 운전자의 안전과 직결되는 것이므로 고장 발생 시 정비업체를 필히 방문하여 점검 및 정비를 받아야 합니다. 또한 정기적으로 차량 점검을 받아 이상이 없는지 체크를 해주는 것도 시동 꺼짐 현상을 예방할 수 있는 방법입니다."
차량정비,(상용) 유로6차량 DPF의 자동재생은 언제 작동하나요?,"수트게이지가 5칸에 도달 후, 잠시 후 자동재생 실시됩니다. F/G : 엔진 게이지가 1~5칸에 있더라도 주행거리[버스 400km or트럭 700km]에 도달할 경우에도 재생됩니다"
차량정비,(상용) 자동재생 도중 신호대기 및 차량 주/정차 시 재생은 어떻게 되나요?,"주/정차 및 신호대기 시 IDLE UP되며 재생은 하지 않고, 일정시간 이상 유지 시 재생을 탈출하며, 재주행시 재생 돌입조건에 해당되면 자동재생 됩니다."
차량정비,"(상용) 수동재생 진행 중, 시동을 꺼도 되나요?","재생 중에는 끄지 말아 주시고, 수동재생 탈출 후엔 바로 시동을 꺼도 됩니다. 배기정화장치 DPF 내부 이상 고온 현상으로 DPF 및 엔진이 손상될 수 있습니다"
차량정비,(상용) 주행 중 갑자기 엔진 출력이 떨어지면서 노킹 현상이 나타납니다. 왜 그런가요?,"엔진 출력이 급격히 떨어지고 노킹 현상 Knocking, 엔진의 연료실 벽을 작은 망치로 두드리는 듯한 소리가 나는 현상이 지속적으로 발생하면 엔진의 오버히트를 의심해 봐야 합니다. 오버히트는 냉각수가 부족하거나 샐 경우, 워터펌프 구동벨트가 끊어진 경우, 냉각팬이 돌지 않을 경우 등 여러 가지 원인으로 인해 엔진이 과열돼 증기가 끓어오르는 현상입니다. 이때는 계기판에 있는 냉각수 온도 게이지가 적색 눈금 H을 가리키게 됩니다. 겨울철에는 냉각수에 부동액이 들어있지 않거나 엔진 내부가 동결되어 냉각수가 순환하지 못할 때에도 동일한 현상이 발생합니다. 주행 중 엔진이 과열돼 오버히트 현상이 발생했을 때는 당황하지 말고 비상경고등을 켠 채 가능한 빨리 도로 옆 안전한 곳에 차를 세웁니다. 이때 시동을 바로 끄면 엔진이 고착되기 때문에 변속 레버를 중립에 놓고 약 2 ~ 3분간 시동을 그대로 켜놓은 상태에서 엔진 실내에 통풍이 잘 되도록 후드를 열어 놓고, 냉각수 온도 게이지가 정상 C에 가까워질 때까지 엔진을 냉각시킵니다. 후드를 열 때는 뜨거운 수증기나 물이 뿜어져 나오거나 후드 자체가 뜨거울 수 있으므로 주의해야 합니다. 공회전 상태에서도 냉각수 온도 게이지가 떨어지지 않으면 시동을 끄고 자연적으로 엔진을 냉각시킵니다. 만약 냉각수가 차 밑으로 흘러넘치거나 수증기가 후드 위로 새 나올 경우에는 엔진을 정지시키고 차량을 견인해 정비공장에 입고 후 누수 부위를 점검하고 정비를 받아야 합니다."
차량정비,(상용) 주행 중 갑자기 시동이 꺼지는 현상이 발생합니다. 어디에 문제가 있는 것일까요?,"주행 중 시동이 꺼져 당황하신 적이 있을 것입니다. 시동 꺼짐 현상은 보통 연료계통과 점화계통, 엔진 전자제어계통 등에 이상이 있을 경우 발생합니다. 전자제어 가솔린 엔진의 경우 연료 펌프와 연료 필터 막힘, 인젝터·점화 코일·컴퓨터 ECU 고장, 엔진 관련 센서 이상, 엔진 관련 휴즈 단선, 엔진 배선 합선 등이 원인이 될 수 있습니다. LPG를 사용하는 엔진의 경우에는 연료계통 부품 종류가 다를 뿐 가솔린 엔진과 큰 차이는 없으나 베이퍼라이져, 믹서 등의 고장으로 인해서도 시동 꺼짐 현상이 발생할 수 있습니다. 디젤 연료를 사용하는 엔진은 기계식과 전자제어식 커먼레일 엔진으로 구분할 수 있는데, 기계식인 경우는 연료 필터 막힘, 연료계통 공기 유입, 인젝션 펌프 고장으로 인해 시동 꺼짐이 발생할 수 있고, 전자제어식인 경우 엔진 관련 센서, 연료 필터 막힘, 연료에 이물질 유입, 커먼레일시스템고압 펌프·레일 압력 센서·인젝터 등, 엔진 관련 휴즈 단선, 배선합선, ECU 고장 등으로 인해서도시동 꺼짐이 발생할 수 있습니다. 시동 꺼짐 현상은 운전자의 안전과 직결되는 것이므로 고장 발생 시 정비업체를 필히 방문하여 점검 및 정비를 받아야 합니다. 또한 정기적으로 차량 점검을 받아 이상이 없는지 체크를 해주는 것도 시동 꺼짐 현상을 예방할 수 있는 방법입니다."
차량정비,(상용) 유로6차량 DPF의 자동재생은 언제 작동하나요?,"수트게이지가 5칸에 도달 후, 잠시 후 자동재생 실시됩니다. F/G : 엔진 게이지가 1~5칸에 있더라도 주행거리[버스 400km or트럭 700km]에 도달할 경우에도 재생됩니다"
차량정비,(상용) 자동재생 도중 신호대기 및 차량 주/정차 시 재생은 어떻게 되나요?,"주/정차 및 신호대기 시 IDLE UP되며 재생은 하지 않고, 일정시간 이상 유지 시 재생을 탈출하며, 재주행시 재생 돌입조건에 해당되면 자동재생 됩니다."
차량정비,"(상용) 수동재생 진행 중, 시동을 꺼도 되나요?","재생 중에는 끄지 말아 주시고, 수동재생 탈출 후엔 바로 시동을 꺼도 됩니다. 배기정화장치 DPF 내부 이상 고온 현상으로 DPF 및 엔진이 손상될 수 있습니다"
차량정비,(상용) 주행 중 갑자기 엔진 출력이 떨어지면서 노킹 현상이 나타납니다. 왜 그런가요?,계약하신 지점(대리점)에서 확인 가능합니다.
차량정비,차량계약 후 해지 시 계약금은 환불 받을수 있습니까?,"차량 출고전 해지요청시에는 계약금 환불이 가능하며, 자세한 사항은 계약하신 지점(대리점)에 문의 바랍니다."
차량정비,차량구입시 장착되는 타이어는 선택이 가능한가요?,당사에서 생산되는 차량은 타이어 제조사別 임의 선택은 불가합니다.
홈페이지,실 운행자 등록 방법은 어떻게 되나요?,내 차로 등록한 차량에 한하여 실 운행자 지정이 가능합니다. 승상용 통합 회원으로 가입한 고객의 통합 이메일 ID 및 이름으로 검색 후 지정이 가능합니다.
홈페이지,차량을 판매한 경우 어떻게 하나요?,마이페이지에서 보유차량 삭제를 눌러주시면 더 이상 차량 정보 표출이 되지 않습니다.
홈페이지,내 차가 아닌 다른 차량이 보입니다.,"차량을 다른 운전자에게 판매하신 뒤에도 내 차 정보에서 지속하여 정보가 표출될 경우, 직접 내 차 정보에서 차량 삭제 기능을 통하여 삭제할 수 있습니다."
홈페이지,실 운행자 등록 시 사용 가능한 기능은 무엇인가요?,"실 운행자로 등록되신 경우에 정비예약, 수리 이력 확인 등 차량운행 시 필요한 기능 활용이 가능합니다."
홈페이지,내 차 정보가 안 보여요.,"현대닷컴 홈페이지 혹은 지점/대리점 방문을 통해서 실 운행자 등록 가능합니다. https://www.hyundai.com/kr/ko/service-membership/bluemembers/car-register/bluemembers-car-register 중고차 구매 시 보유하신 차량이 조회가 되지 않는다면, 마이현대 앱 혹은 가까운 블루핸즈 방문을 통해 인증을 받으셔야 합니다."
홈페이지,실 운행자 등록 방법은 어떻게 되나요?,내 차로 등록한 차량에 한하여 실 운행자 지정이 가능합니다. 승상용 통합 회원으로 가입한 고객의 통합 이메일 ID 및 이름으로 검색 후 지정이 가능합니다.
홈페이지,차량을 판매한 경우 어떻게 하나요?,마이페이지에서 보유차량 삭제를 눌러주시면 더 이상 차량 정보 표출이 되지 않습니다.
홈페이지,내 차가 아닌 다른 차량이 보입니다.,"차량을 다른 운전자에게 판매하신 뒤에도 내 차 정보에서 지속하여 정보가 표출될 경우, 직접 내 차 정보에서 차량 삭제 기능을 통하여 삭제할 수 있습니다."
홈페이지,실 운행자 등록 시 사용 가능한 기능은 무엇인가요?,"실 운행자로 등록되신 경우에 정비예약, 수리 이력 확인 등 차량운행 시 필요한 기능 활용이 가능합니다."
홈페이지,내 차 정보가 안 보여요.,"현대닷컴 홈페이지 혹은 지점/대리점 방문을 통해서 실 운행자 등록 가능합니다. https://www.hyundai.com/kr/ko/service-membership/bluemembers/car-register/bluemembers-car-register 중고차 구매 시 보유하신 차량이 조회가 되지 않는다면, 마이현대 앱 혹은 가까운 블루핸즈 방문을 통해 인증을 받으셔야 합니다."
홈페이지,실 운행자 등록 방법은 어떻게 되나요?,내 차로 등록한 차량에 한하여 실 운행자 지정이 가능합니다. 승상용 통합 회원으로 가입한 고객의 통합 이메일 ID 및 이름으로 검색 후 지정이 가능합니다.
홈페이지,차량을 판매한 경우 어떻게 하나요?,디지털/고객지원 > 업데이트 > SW업데이트 (내비/캠)에서 확인 가능합니다. https://www.hyundai.com/kr/ko/digital-customer-support/update/navigation-update
홈페이지,"계정 통합 시, 선택하지 않은 계정은 어떻게 되나요? 가입 정보 (이름, 생년월일 등)도 통합되나요?","· 선택하지 않은 계정은 자동으로 탈퇴처리 됩니다. 이후 ID 찾기 진행하시면 검색되지 않습니다. · 이름, 생년월일 등 가입정보가 다를 경우, 최근 본인인증 받은 정보로 업데이트/수정 됩니다."
홈페이지,"저는 5개 ID를 가지고 있는데, 계정 통합 화면에는 왜 2개 ID만 표시되는 건가요?","· 계정 통합은 2개 ID를 대상으로만 진행됩니다. (① 현재 로그인하려는 ID, ② 기존에 현대닷컴 가입된 ID) · 이후 제 3의 ID로 로그인 하실 경우, 다시 한 번 본인 인증과 계정 통합 절차가 진행됩니다."
홈페이지,"기존에 이미 사용하고 있던 ID인데, 왜 다시 본인 인증과 계정 통합을 해야 하나요?","· 여러 개 ID 보유한 고객으로 ID 혼란으로 인한 고객 문의가 많이 발생하고 있습니다. 이에 회원 1명 당 1개의 ID만 이용할 수 있도록 변경되었습니다.(블루링크 등 현대자동차 타 서비스 동일) · 기존에 여러 개 ID를 보유하셨던 고객이라면, ID 통합을 위해서 본인인증과 계정 통합을 진행해주세요. 통합된 ID로 현대닷컴, 블루링크, 디지털 키, 마이현대에서 동일하게 사용 가능합니다. ※ 디지털 키에 가입하신 고객이라면 ‘휴대폰 인증’을 통해 본인인증 받으셔야 서비스 이용이 가능합니다. (아이핀 인증 시, 이후 휴대폰 본인인증 재 요청됨) · 계정 통합 절차를 진행하지 않으시면 해당 ID로 서비스 이용이 불가합니다. (필수)"
홈페이지,취급설명서는 어디서 다운 받나요?,취급설명서는 홈페이지 디지털/고객지원 > Help Desk > 사용설명서 다운로드(자료실)에서 다운로드가 가능합니다. https://www.hyundai.com/kr/ko/digital-customer-support/helpdesk/download-center
홈페이지,내비게이션 시스템 업그레이드는 어디서 하나요?,디지털/고객지원 > 업데이트 > SW업데이트 (내비/캠)에서 확인 가능합니다. https://www.hyundai.com/kr/ko/digital-customer-support/update/navigation-update
홈페이지,"계정 통합 시, 선택하지 않은 계정은 어떻게 되나요? 가입 정보 (이름, 생년월일 등)도 통합되나요?","· 선택하지 않은 계정은 자동으로 탈퇴처리 됩니다. 이후 ID 찾기 진행하시면 검색되지 않습니다. · 이름, 생년월일 등 가입정보가 다를 경우, 최근 본인인증 받은 정보로 업데이트/수정 됩니다."
홈페이지,"저는 5개 ID를 가지고 있는데, 계정 통합 화면에는 왜 2개 ID만 표시되는 건가요?","· 계정 통합은 2개 ID를 대상으로만 진행됩니다. (① 현재 로그인하려는 ID, ② 기존에 현대닷컴 가입된 ID) · 이후 제 3의 ID로 로그인 하실 경우, 다시 한 번 본인 인증과 계정 통합 절차가 진행됩니다."
홈페이지,"기존에 이미 사용하고 있던 ID인데, 왜 다시 본인 인증과 계정 통합을 해야 하나요?","· 여러 개 ID 보유한 고객으로 ID 혼란으로 인한 고객 문의가 많이 발생하고 있습니다. 이에 회원 1명 당 1개의 ID만 이용할 수 있도록 변경되었습니다.(블루링크 등 현대자동차 타 서비스 동일) · 기존에 여러 개 ID를 보유하셨던 고객이라면, ID 통합을 위해서 본인인증과 계정 통합을 진행해주세요. 통합된 ID로 현대닷컴, 블루링크, 디지털 키, 마이현대에서 동일하게 사용 가능합니다. ※ 디지털 키에 가입하신 고객이라면 ‘휴대폰 인증’을 통해 본인인증 받으셔야 서비스 이용이 가능합니다. (아이핀 인증 시, 이후 휴대폰 본인인증 재 요청됨) · 계정 통합 절차를 진행하지 않으시면 해당 ID로 서비스 이용이 불가합니다. (필수)"
홈페이지,휴대폰 인증 SMS가 오지 않습니다.,"휴대폰 번호를 정확하게 입력해주세요.  현대닷컴에서 이메일 계정 입력 시 종종 오타로 인해 SMS 발송이 실패하는 경우가 있습니다. 핸드폰 번호는 공백 및 특수문자 (-) 없이 숫자만 입력 부탁 드립니다. (ex. 01012345678 (O), 010 1234 5678 (X), 010-1234-5678 (X) )  휴대폰에서 번호를 차단하셨나요?  차단 설정, 통신사 정책 등으로 인증 SMS가 발송되지 않는 경우가 있습니다. 보유하신 휴대폰에서 메시지 App. > 설정 > 메시지 차단/스팸번호를 확인 부탁 드립니다. ※ 자세한 설정 방법은 휴대폰 제조사 홈페이지를 참고해주세요.  만약 차단하지 않은 경우에도 SMS가 수신되지 않을 경우, 각 이동통신사로 확인 부탁 드립니다. (휴대폰인증보호 서비스 가입 등 확인 필요)"
홈페이지,로그인 시 비밀번호가 맞지 않다고 합니다.,"비밀번호 찾기를 통해 비밀번호 재설정을 해주세요.  ① 로그인 창에서 “아이디 확인 및 비밀번호 초기화” 클릭 ② “이메일로 비밀번호 초기화” 클릭 ③ 생년월일과 현대닷컴에 가입한 이메일 입력 ④ 이메일로 발송된 인증번호를 10분 내에 입력 (도착하지 않았을 경우, 입력 주소와 스팸메일함 확인) ⑤ 신규 비밀번호 입력 후 다시 로그인  ※ “이메일로 비밀번호 초기화”를 이용해주세요 - 모바일로 비밀번호 초기화를 진행할 경우, 최종적으로 로그인했던 ID에 대해서만 진행하게 됩니다. (일괄변경 X) - 여러 개의 통합아이디를 보유하신 고객은 해당 메뉴로 PW 변경이 어려우니, 이메일로 비밀번호 초기화를 이용해주세요."
홈페이지,로그인 시 다른 계정으로 로그인하라고 나옵니다.,"기존에 가입하신 내역이 존재하는 경우입니다. (현대자동차 홈페이지는 1인 1계정 원칙)  이미 가입하신 현대닷컴 아이디가 있으신 경우로, 팝업창에서 안내드린 계정으로 다시 로그인하여 주세요. 비밀번호를 분실하신 경우, 로그인 > ID/비밀번호 찾기 > 이메일로 비밀번호 초기화를 이용해주세요.  [비밀번호 찾기 프로세스] 로그인 클릭 → 아이디/비밀번호 찾기 → 이메일로 비번 초기화 → 가입한 이메일 입력 → 인증번호 입력 / 재설정"
홈페이지,준회원은 왜 폐지되었나요. 기존 ID를 사용하지 못하는 이유는 무엇인가요?,"현대닷컴은 본인 인증된 정회원 중심의 회원 체계로 개편되었습니다. (1인 1계정)  준회원 (간편가입/소셜가입)의 경우, 가입 절차는 매우 간편하나 많은 서비스 이용에 제한이 있었습니다. (소유차량 등록, 포인트 조회 불가, 이벤트 참여 불가 등) 또한 한 고객이 여러 ID를 사용함으로써, 서비스 이용에 혼란을 주는 경우가 많이 발생하였습니다. ‘본인 인증’을 통해 정회원으로 가입하시고, 보유차량 등록, 포인트 조회, 이벤트 참여 등 더 많은 혜택을 경험해보세요.  정회원의 경우, 기존에 사용하시던 ID/PW를 그대로 사용하실 수 있습니다. (다만, 최초 1회 로그인 시 약관 동의와 PIN 입력 필요) 기존에 연동되어있던 소셜연동 계정 또한 그대로 이용 가능하십니다. (고객 편의를 위해 제한적으로 허용) 다만 신규 소셜계정을 추가 연동하는 부분은 앞으로 제한됩니다. (현대닷컴은 1인 1계정 정책 시행)"
홈페이지,회원가입을 해야만 현대닷컴을 이용할 수 있나요?,"회원가입을 하지 않으셔도 다양한 서비스를 이용하실 수 있습니다만, 회원가입을 하시면 좀더 다양하고 개인화된 서비스를 이용하실 수 있습니다.  별도 회원가입 및 로그인을 하지 않으셔도 현대닷컴 내 많은 서비스를 이용하실 수 있습니다만, 회원가입을 하시면 상세 견적 내기, 구매상담신청, 시승신청, 서비스네트워크예약, 마이페이지 등 일부 주요 서비스를 이용하실 수 있습니다."
홈페이지,회원탈퇴 및 재가입을 원할때는 어떻게 해야 하나요?,"현대자동차 홈페이지에서는 로그인 상태에서만 회원탈퇴 신청을 하실 수 있으며, ‘마이페이지’ 에서 [개인정보 수정] 버튼을 클릭하여 ‘회원탈퇴’ 메뉴를 찾으실 수 있습니다. 현대자동차 홈페이지 회원 탈퇴 시 즉시 회원정보 및 인증정보와 홈페이지 자체서비스 내역 (이벤트 응모 등) 이 모두 삭제되오니 유의하시기 바랍니다. 회원탈퇴를 완료하더라도 블루멤버스 멤버십(멤버십포인트, 멤버십카드 등) 은 유지됩니다.  회원탈퇴 후 재가입은 언제나 가능하나, 이미 삭제된 데이터는 복구가 불가능하오니 이점 유의바랍니다."
홈페이지,비밀번호 및 개인정보를 변경하고 싶을때는 어떻게 해야 하나요?,"비밀번호 및 개인정보 변경은 로그인을 하신 후 홈페이지 우측상단에 있는 [마이페이지] 메뉴를 이용해주시기 바랍니다. 현대자동차에서 제공해드리는 서비스의 정상적인 이용을 위해서 주소와 전화번호, 이메일 주소는 항상 최신정보로 유지해주시기 바랍니다."
홈페이지,‘인터넷 멤버스클럽’은 어떤 서비스인가요?,‘인터넷 멤버스클럽’은 인터넷을 이용하시는 현대자동차 구입 고객님의 즐겁고 편리한 자동차 생활을 지원해 드리기 위해 마련한 구입 고객 서비스의 이름입니다.
홈페이지,‘인터넷 멤버스클럽’은 언제부터 시작했나요?,2004년 10월25일부터 시작했습니다.
홈페이지,‘인터넷 멤버스클럽’ 서비스는 누구에게 제공됩니까?,현대자동차를 구입하신 고객이시면서 현대자동차 홈페이지 회원으로 가입하신 고객님께 제공해 드립니다. (회원가입하기)
홈페이지,회원탈퇴 및 재가입을 원할때는 어떻게 해야 하나요?,"현대자동차 홈페이지의 회원 가입을 클릭하시고, 신청 과정을 거치면 됩니다. (서비스 신청 하기)"
홈페이지,"‘인터넷 멤버스클럽’ 서비스를 신청하면, 어떤 서비스를 받을 수 있나요?","구입하신 차종, 운행기간, 거주 지역 등에 의해 고객님께 꼭 필요한 맞춤형 정보와 다양한 서비스를 자동차를 이용하시는 동안 지속적으로 받으실 수 있습니다. 1) 내차 정보 조회 - 고객님의 구입 이력, 계약금 및 인도금 입금 현황, 할부 내용, 정비 이력, 탁송 정보, 전담 정비 센터, 전담 카마스터 정보 등을 조회하실 수 있습니다. 2) 운행 지원 서비스 - 고객님이 운행하시는 차량의 주행거리별 관리 및 점검사항, 운전 요령, 최저가 주유소 정보, 드라이빙 날씨 등에 관한 맞춤형 정보를 받으실 수 있습니다. 또한 구입년차별로 별도 마련한 경품 서비스도 받으실 수 있습니다. 3) 자동차 생활 서비스 - 고객님의 거주 지역이나 관심 사항에 따라 생활, 여행, 취미, 레저, 문화 등에 관한 맞춤형 정보를 받으실 수 있습니다. 예를 들어 여행지 소개의 경우 해당지역의 날씨, 가는 길, 고객 거주지에서 목적지까지의 최단거리 검색, 최저가 주유소, 주차장, 세차장 정보가 지도찾기 기능과 함께 자동으로 제공됩니다. 4) 구매 지원 서비스 - 관심 차종이나 구매 예정 시점을 기입하시면, 관심 차종에 대한 최신 정보와 더불어 구매 예정 시점에는 차량 정보, 구매 조건, 이벤트 안내, 할인 혜택 등의 서비스를 받으실 수 있습니다. (관심 차종 등록하기, 구매 예정 시기 등록하기) 5) 프리미엄 컨텐츠 서비스 - 재테크 동영상 강좌 및 상담서비스, 골프 동영상 강좌, 영어/중국어 동영상 강좌, 해외 최신 경영/경제 신서 요약서비스, 날씨 SMS 안내 등 양질의 유료 컨텐츠를 인터넷 멤버스클럽 회원에게 무료로 제공해드립니다. 단, 프리미엄 서비스는 “추가 정보” 항목을 기입하신 고객님께 제공해 드립니다. (추가정보 등록하기)"
홈페이지,현대자동차 홈페이지에 있는 저작물 사용시 어떤 제한을 받습니까?,"현대자동차(주)의 홈페이지 (이하 '홈페이지'라 함)에는 현대자동차(주) (이하 '회사'라 함)에서 저작권을 갖고 있는 텍스트, 이미지, 사진, 영상물, VR, 플래시, 사운드 등의 저작물 (이하 '저작물'라고 함)이 포함되어 있습니다. 이러한 저작물은 대한민국 저작권법의 보호를 받습니다. 따라서 이를 이용하고자 할 경우에는 회사의 사전 허가를 받아야 하며, 허가를 받은 경우에도 아래의 요건을 준수하여야 합니다. - 법인 및 단체나 제품 등이 현대자동차의 후원ㆍ협력ㆍ보증을 받는 것처럼 오인되도록 사용해서는 안됩니다. - 회사 및 그 제품을 비방하거나 부정적인 이미지를 줄 수 있는 용도로 이용해서는 안됩니다. - 저작물의 크기 조정이나 저작물의 변형, 가공이 필요할 경우 반드시 회사의 사전 허가를 얻어야 합니다. - 저작물의 이용에 따라 생긴 손실이나 결과에 대해 회사는 어떠한 책임도 지지 않습니다. - 어떠한 경우에도 현대자동차 웹 사이트의 페이지를 통째로 복제해서 사용해 서는 안됩니다.  회사의 허가 없이 저작물을 복제, 다운로드, 출판, 배포, 소스 이용 등으로 사용할 경우에는 모든 법적인 책임을 지셔야 합니다. 또한 현대자동차 웹 사이트를 귀하나 귀하의 회사ㆍ단체 등의 웹사이트에 링크하는 것은 회사의 허가를 받아야 하며, 이 경우에도 ""현대자동차 홈페이지로"", ""www.hyundai-motor.com으로"" 등 링크 사실을 알리는 표현과 함께 사용해야 합니다."
홈페이지,제품 카달로그나 설명서의 내용을 사용해도 되는지 궁금합니다.,"시스템에서 작업 오류가 발생하는 경우 표시됩니다. 1시간 후에도 동일한 메시지가 보이는 경우에는 다음 방법 중 하나를 시도해 주세요. · 브라우저의 쿠키와 캐시를 삭제하세요 · 다른 브라우저를 사용하세요. 예를 들어, 인터넷 익스플로러를 사용하고 있다면 크롬 또는 Safari를 이용해서 접속하세요. 브라우저가 최신 버전이 아닌 경우에는 이용에 제한이 있을 수 있습니다.  제시된 모든 방법으로도 해결되지 않는다면 홈페이지 Q&A 및 고객센터로 문의주세요. 문제화면의 스크린샷을 첨부하시면 원인파악에 도움이 됩니다."
홈페이지,현대닷컴 로그인 계정을 변경하고 싶습니다.,"계정 변경은 불가하며, ‘탈퇴 후 재가입’ 부탁 드립니다.  현대닷컴 계정은 임의로 변경되지 못하게 관리하고 있습니다. ID 변경을 원하실 경우, ‘통합계정 탈퇴’ 이후 재가입해주셔야 합니다. (단, 계정 탈퇴 시 가입하신 서비스가 함께 탈퇴되니 유의사항을 꼭 참고해주세요)  ※ 계정탈퇴 하는 법 현대닷컴 로그인 → 마이페이지 → 개인정보수정 → 현대닷컴서비스탈퇴 탭 → 최하단 ‘현대자동차 통합계정 탈퇴’ 링크 클릭"
블루멤버스,"[바디케어 서비스] 출고 이후에, 가입 상품을 변경하는 것이 가능할까요?","변경을 원하시면 기존 가입하신 상품 취소 후 변경 상품으로 재 가입하시면 됩니다. (단, 출고일 포함 30일 이내에만 재가입 가능합니다.)"
블루멤버스,"[바디케어 서비스] 서비스 가입 후 사고가 발생하지 않아 보장을 받지 않은 경우라면, 포인트는 다시 환불받을 수 있을까요?","바디케어 서비스는 보험성 서비스로, 실질적으로 보상을 받은 경험이 없더라도 포인트는 환불되지 않습니다."
블루멤버스,[바디케어 서비스] 적립 예정 포인트가 부족한 경우 어떻게 하나요?,영업점가입 - 기존 보유하신 포인트가 있으시면 합산 신청 가능 (합산해도 포인트 부족시엔 별도 결재 불가) 온라인가입 - 포인트외에 현금/카드로 추가결재 가능합니다.
블루멤버스,[바디케어 서비스] 해약 하고 싶습니다. 어떻게 해야 하나요?,※ 영업점가입 - 담당 영업사원에게 신청 (출고일 포함 30일 이내) ※ 온라인 가입 - 가입한 온라인 몰에서 직접 취소처리 (결재일 포함 30일 이내)
블루멤버스,[바디케어 서비스] 가입은 어떻게 하나요?,"자동차 제작증 발급전 - 출고하신 영업점으로 신청 (단, 캐스퍼 차종은 '캐스퍼 온라인' ▶바로가기 에서 가입 가능합니다.)  제작증 발급 이후 - 현대차종은 'HyundaiShop'▶바로가기 에서 가입 가능합니다.  - 제네시스 차종은 '제네시스 부티크' ▶바로가기 에서 가입 가능합니다."
블루멤버스,"[바디케어 서비스] 출고 이후에, 가입 상품을 변경하는 것이 가능할까요?","변경을 원하시면 기존 가입하신 상품 취소 후 변경 상품으로 재 가입하시면 됩니다. (단, 출고일 포함 30일 이내에만 재가입 가능합니다.)"
블루멤버스,"[바디케어 서비스] 서비스 가입 후 사고가 발생하지 않아 보장을 받지 않은 경우라면, 포인트는 다시 환불받을 수 있을까요?","바디케어 서비스는 보험성 서비스로, 실질적으로 보상을 받은 경험이 없더라도 포인트는 환불되지 않습니다."
블루멤버스,[바디케어 서비스] 적립 예정 포인트가 부족한 경우 어떻게 하나요?,영업점가입 - 기존 보유하신 포인트가 있으시면 합산 신청 가능 (합산해도 포인트 부족시엔 별도 결재 불가) 온라인가입 - 포인트외에 현금/카드로 추가결재 가능합니다.
블루멤버스,[바디케어 서비스] 해약 하고 싶습니다. 어떻게 해야 하나요?,※ 영업점가입 - 담당 영업사원에게 신청 (출고일 포함 30일 이내) ※ 온라인 가입 - 가입한 온라인 몰에서 직접 취소처리 (결재일 포함 30일 이내)
블루멤버스,[바디케어 서비스] 가입은 어떻게 하나요?,"자동차 제작증 발급전 - 출고하신 영업점으로 신청 (단, 캐스퍼 차종은 '캐스퍼 온라인' ▶바로가기 에서 가입 가능합니다.)  제작증 발급 이후 - 현대차종은 'HyundaiShop'▶바로가기 에서 가입 가능합니다.  - 제네시스 차종은 '제네시스 부티크' ▶바로가기 에서 가입 가능합니다."
블루멤버스,"[바디케어 서비스] 출고 이후에, 가입 상품을 변경하는 것이 가능할까요?","변경을 원하시면 기존 가입하신 상품 취소 후 변경 상품으로 재 가입하시면 됩니다. (단, 출고일 포함 30일 이내에만 재가입 가능합니다.)"
블루멤버스,블루멤버스 포인트 양도 절차가 어떻게 되나요?,"직계존비속 및 배우자에게만 양도 가능합니다. 양도/양수인 모두가 블루멤버스 회원가입이 되어있어야 하며 가족관계증명서와 양도양수 신청서를 myHyundai 앱 또는 FAX로 접수해주시면 양도처리 가능합니다. ※ 장애인 공동명의건의 경우 양도양수 신청서, 등록원부, 복지카드 사본을 팩스로 발송 ※ 가족관계증명서 上, 주민등록번호 뒷 6자리는 반드시 가려서 전송"
블루멤버스,블루멤버스 포인트 적립 시점은 언제인가요?,"회원 가입 및 제작증 발급 익일에 적립되며, 포인트 적립일 기준 3영업일 이후 가용화됩니다. (단, 출고 後 6개월 이상 경과 時 회원가입은 가능하나, 포인트 적립 불가) 고객님께서는 가용화 이후 조회 및 사용이 가능하며, 가용화 된 포인트는 현대자동차 사이트, 고객센터에서 확인 가능합니다."
블루멤버스,회원 가입 절차 없이 포인트를 받을 수는 없나요?,"블루멤버스 포인트 적립은 블루멤버스 회원에 한하여 주어지므로 가입이 필수입니다. 포인트 지급/이용에 대한 규정을 멤버십 회원가입 약관을 통해 동의받게 되며, 이후 본인 확인이 된 회원정보를 기반으로 멤버십 제휴사 및 각종 특화 서비스에 필요한 정보를 인증하게 됩니다.."
블루멤버스,블루멤버스 회원 가입 후 카드 발급은 언제 되나요?,"신차 구매시 매매주문서에서 블루멤버스 카드 발급신청 가능합니다. 제작증 발급 익일에 가입완료되어 실물카드 일주일~열흘 소요됩니다. 단, 카드 번호 채번은 다음 날 바로 가능하며 마이현대 앱에서 확인 가능합니다. 블루멤버스 제휴 신용카드 신청시 비신용카드 미발급되며, 신용카드 미발급 고객이 비신용카드 필요시 고객센터 080-600-6000으로 신청 가능합니다."
모젠서비스,모젠 서비스에 오류가 있을 때에는 어떻게 하나요?,모젠고객센터(080-600-6000)로 문의 주시거나 1:1상담 문의에 올려주시면 신속하게 지원해 드리겠습니다.
모젠서비스,보증 수리기간이 어떻게 되나요?,"모젠 단말기의 보증수리 기간은 구입한 신차의 보증 내용 및 규약에 종속됩니다. 현대자동차의 보증수리 기간은 차종, 동력전달장치, 일반부품 등에 따라 차이가 있으며, 모젠 단말기는 일반부품의 보증기간에 따릅니다."
모젠서비스,ACC ON시에 바로 화면이 표시되지 않습니다.,"모젠 단말기는 ACC OFF시에 단말기의 전원을 바로 끄지 않고, 수 초 동안 상태를 확인 하고 종료합니다. 따라서 이 동안에 ACC OFF/ON을 반복하는 경우 단말의 전원종료 후 재가동이 지연되어 수초의 동작 지연 현상이 나타날 수 있습니다. 잠시만 기다리시면 됩니다."
모젠서비스,"사용도중 단말기가 갑자기 중지되거나, 버튼을 입력해도 말을 듣지 않습니다.","모젠은 차량용 컴퓨터로 개발되었으며, 각종 AV와 이동전화, 내비게이션 시스템과 텔레매틱스의 각 기능이 중앙처리장치(CPU)와 운영시스템(OS)에 의해서 운영되도록 개발되었습니다. 따라서, 작동 중에 소프트웨어의 충돌이 발생하거나 프로그램의 원할한 처리가 이루어지지 않는 경우, 아주 간헐적으로 단말기가 일시적으로 동작이 중지되는 경우가 발생할 수 있습니다. 이는 고장이나 단말기 시스템의 하자는 아니며, 리셋버튼을 누르시면 다시 이용하실 수 있습니다. 단말기 오른쪽 하단에 있는 리셋버튼을 누르시면 다시 작동이 가능합니다."
모젠서비스,단말기 모델 및 일련번호는 어디서 확인하나요?,단말기 `INFO` 버튼 → `환경 설정` 선택 → `단말기 정보` 선택
모젠서비스,모젠 서비스에 오류가 있을 때에는 어떻게 하나요?,모젠고객센터(080-600-6000)로 문의 주시거나 1:1상담 문의에 올려주시면 신속하게 지원해 드리겠습니다.
모젠서비스,보증 수리기간이 어떻게 되나요?,"모젠 단말기의 보증수리 기간은 구입한 신차의 보증 내용 및 규약에 종속됩니다. 현대자동차의 보증수리 기간은 차종, 동력전달장치, 일반부품 등에 따라 차이가 있으며, 모젠 단말기는 일반부품의 보증기간에 따릅니다."
모젠서비스,ACC ON시에 바로 화면이 표시되지 않습니다.,"모젠 단말기는 ACC OFF시에 단말기의 전원을 바로 끄지 않고, 수 초 동안 상태를 확인 하고 종료합니다. 따라서 이 동안에 ACC OFF/ON을 반복하는 경우 단말의 전원종료 후 재가동이 지연되어 수초의 동작 지연 현상이 나타날 수 있습니다. 잠시만 기다리시면 됩니다."
모젠서비스,"사용도중 단말기가 갑자기 중지되거나, 버튼을 입력해도 말을 듣지 않습니다.","모젠은 차량용 컴퓨터로 개발되었으며, 각종 AV와 이동전화, 내비게이션 시스템과 텔레매틱스의 각 기능이 중앙처리장치(CPU)와 운영시스템(OS)에 의해서 운영되도록 개발되었습니다. 따라서, 작동 중에 소프트웨어의 충돌이 발생하거나 프로그램의 원할한 처리가 이루어지지 않는 경우, 아주 간헐적으로 단말기가 일시적으로 동작이 중지되는 경우가 발생할 수 있습니다. 이는 고장이나 단말기 시스템의 하자는 아니며, 리셋버튼을 누르시면 다시 이용하실 수 있습니다. 단말기 오른쪽 하단에 있는 리셋버튼을 누르시면 다시 작동이 가능합니다."
모젠서비스,단말기 모델 및 일련번호는 어디서 확인하나요?,단말기 `INFO` 버튼 → `환경 설정` 선택 → `단말기 정보` 선택
모젠서비스,모젠 서비스에 오류가 있을 때에는 어떻게 하나요?,지도 화면 좌측 상단에 있는 `확성기` 모양의 아이콘을 선택하면 안내음이 나오지 않습니다. 다시 음성안내를 듣고자 하시면 아이콘을 다시 한번 선택하시면 됩니다.
모젠서비스,GPS 수신이 안됩니다. 어떻게 하나요?,"기본적으로 시동을 켠 후 약몇분동안 GPS인식되는 시간소요가 필요합니다. 그리고, GPS위성에서 발송하는 전파의 특성 상 고가 밑, 지하차도, 도심 건물 밀집 지역 등 GPS 수신 안테나가 가려지는 경우 수신 불량 상태가 발생 할 수 있습니다. 따라서 장애물이 없는 위치로 차량이 이동되면 GPS 수신 기능이 정상적으로 작동하게 됩니다. 만약 개활지 상태에서도 위성수신 상태가 불량하면 A/S망을 이용하여 GPS 수신 장치의 정비를 받으셔야 합니다."
모젠서비스,내비게이션의 지도 업그레이드는 어떻게 하나요?,모젠 지도 업그레이드는 차량용 A/V 및 내비게이션 A/S를 담당하고 있는 현대 웰슨에서 수행하고 있습니다.  전국 현대자동차 23개 하이테크센터와 기아자동차 11개 직영서비스 센터에서 현대 웰슨 A/S요원이 상주 근무하고 있으며 전국 115개소의 현대 웰슨 협력점에서 지도 업그레이드가 가능합니다.  모젠고객센터 080-600-6000으로 전화주시면 지도 업그레이드 상담이 가능하며 업그레이드 가능한 가까운 서비스센터에 대한 안내를 받으실 수 있습니다.
모젠서비스,단말기만 별도로 충전을 해줘야 하나요?,"차량의 배터리와 연결되어 있으며, 별도의 충전은 필요없습니다."
모젠서비스,단말기의 벨소리를 다운로드 받을 수 있나요?,불가능 합니다. 단말기내에 이미 저장된 벨소리 중에서만 선택변경 하실 수 있습니다.
블루링크,[서비스] 라이트 서비스가 무엇인가요?,"블루링크 5년 무료+ 요금제 무료 기간 만료 이후 추가 5년 동안 차량 안전과 연관된 SOS 긴급 출동, 에어백 전개 자동 통보, 교통정보, 전기차 배터리 모니터링을 제공하는 서비스 입니다."
블루링크,[서비스] 블루링크 5년 무료 + 요금제 무료 기간 만료 이후 라이트 서비스 이용을 위해 별도 가입이 필요한가요?,블루링크 5년 무료 기간 만료 후 라이트 서비스로 자동 전환되므로 별도 가입이 불필요 합니다.
블루링크,"[서비스] 라이트 서비스 전환 이후 원격 제어, 뮤직 스트리밍 등 블루링크 전체 서비스를 이용하려면 어떻게 해야 하나요?",마이현대 앱 홈 화면 내 블루링크 가입 또는 마이현대 로그인 > 하단 메뉴바 [마이] 선택 > [차량 관리] 선택 > [블루링크] 메뉴에서 유료전환을 신청하시면 전체 서비스 이용이 가능합니다.
블루링크,[서비스] 블루링크를 가입하면 어떤 서비스가 제공되나요?,"블루링크를 가입하시면 차량 원격제어, 안전보안, 차량관리, 길 안내 서비스를 제공받으실 수 있습니다. 블루링크 자세한 서비스 안내는 아래 페이지를 참고해주세요.  블루링크 서비스 안내 ▶바로가기"
블루링크,[A/S] 블루링크 서비스 이용 시 오류가 발생합니다.,블루링크 고객센터 또는 홈페이지 1:1문의에 문의해 주시면 신속하게 지원해 드리겠습니다.  블루링크 고객센터 080-600-6000 서비스 가입/해지/변경 등 (안전 보안 서비스 24시간 제공) 평일 08:30 ~ 18:00 (주말/공휴일 휴무)
블루링크,[서비스] 라이트 서비스가 무엇인가요?,"블루링크 5년 무료+ 요금제 무료 기간 만료 이후 추가 5년 동안 차량 안전과 연관된 SOS 긴급 출동, 에어백 전개 자동 통보, 교통정보, 전기차 배터리 모니터링을 제공하는 서비스 입니다."
블루링크,[서비스] 블루링크 5년 무료 + 요금제 무료 기간 만료 이후 라이트 서비스 이용을 위해 별도 가입이 필요한가요?,블루링크 5년 무료 기간 만료 후 라이트 서비스로 자동 전환되므로 별도 가입이 불필요 합니다.
블루링크,"[서비스] 라이트 서비스 전환 이후 원격 제어, 뮤직 스트리밍 등 블루링크 전체 서비스를 이용하려면 어떻게 해야 하나요?",마이현대 앱 홈 화면 내 블루링크 가입 또는 마이현대 로그인 > 하단 메뉴바 [마이] 선택 > [차량 관리] 선택 > [블루링크] 메뉴에서 유료전환을 신청하시면 전체 서비스 이용이 가능합니다.
블루링크,[서비스] 블루링크를 가입하면 어떤 서비스가 제공되나요?,"블루링크를 가입하시면 차량 원격제어, 안전보안, 차량관리, 길 안내 서비스를 제공받으실 수 있습니다. 블루링크 자세한 서비스 안내는 아래 페이지를 참고해주세요.  블루링크 서비스 안내 ▶바로가기"
블루링크,[A/S] 블루링크 서비스 이용 시 오류가 발생합니다.,블루링크 고객센터 또는 홈페이지 1:1문의에 문의해 주시면 신속하게 지원해 드리겠습니다.  블루링크 고객센터 080-600-6000 서비스 가입/해지/변경 등 (안전 보안 서비스 24시간 제공) 평일 08:30 ~ 18:00 (주말/공휴일 휴무)
블루링크,[서비스] 라이트 서비스가 무엇인가요?,"블루링크 5년 무료+ 요금제 무료 기간 만료 이후 추가 5년 동안 차량 안전과 연관된 SOS 긴급 출동, 에어백 전개 자동 통보, 교통정보, 전기차 배터리 모니터링을 제공하는 서비스 입니다."
블루링크,[서비스] 블루링크 5년 무료 + 요금제 무료 기간 만료 이후 라이트 서비스 이용을 위해 별도 가입이 필요한가요?,블루링크 5년 무료 기간 만료 후 라이트 서비스로 자동 전환되므로 별도 가입이 불필요 합니다.
블루링크,"[서비스] 라이트 서비스 전환 이후 원격 제어, 뮤직 스트리밍 등 블루링크 전체 서비스를 이용하려면 어떻게 해야 하나요?","고객님의 안전한 운행을 위해 주행 중에는 단말기 조작을 제한하고 있으며, 기어가 P단일 경우만 조작이 가능합니다. 시스템 조작을 통해 서비스를 이용하시려면 차량을 잠시 정차해 주세요. 단, 조작이 간단한 일부 서비스는 주행 중에도 사용이 가능합니다."
블루링크,[요금제] 블루링크 유료 요금제가 어떻게 되나요?,블루링크 자세한 요금제 안내는 아래 페이지를 참고해주세요.  블루링크 요금제 안내 ▶바로가기
블루링크,[요금제] 요금 미납을 했을 경우 가산금은 몇%인가요?,요금 미납 시 가산금은 당월 청구금액의 2%입니다.
블루링크,[A/S] 원격 공조 제어 서비스를 사용했는데 계속 비상등이 켜져 깜박입니다.,원격 공조 제어 서비스 이용시 비상등이 함께 켜지는 것은 정상적인 현상입니다. 스마트키로 차량의 문을 여닫으실 때 비상등이 깜빡이는 것과 동일합니다. 또한 도로 안전상의 이유로 시동이 켜져 있다는 것을 외부에서도 확인할 수 있도록 시동과 비상등이 함께 작동됩니다.
블루링크,[A/S] GPS 수신이 안됩니다.,"시동을 켠 후 수 분 동안 GPS가 인식되는 시간이 필요합니다. 혹은 GPS위성에서 발송하는 전파의 특성상 고가 밑, 지하차도, 도심 건물 밀집지역 등 GPS 수신 안테나가 가려지는 경우 수신 불량 상태가 발생 할 수 있습니다. 이 경우 장애물이 없는 위치로 차량을 이동하시면 GPS 수신 기능이 정상적으로 작동하게 됩니다. 만약 개방된 지역에서도 위성수신 상태가 불량하면 A/S를 통해 GPS 수신 장치의 정비를 받으시기 바랍니다."
블루링크,[A/S] 주행 중에 시스템 조작이 안됩니다.,블루링크는 블루링크 앱 또는 내비게이션(내비게이션 가입은 출고 후 1년 이내 최초 개통 시)으로 가입하실 수 있습니다. 자세한 가입 안내는 아래 페이지를 참고해주세요.  블루링크 서비스 가입 안내 ▶바로가기
블루링크,[가입] 중고차를 구입했는데 블루링크에 가입할 수 있나요?,"중고차 구매 후 블루링크 가입 시 유료로 이용 또는 무료 기간 승계가 가능하신 경우 무료 기간이 제공됩니다. 블루링크 요금제에 따라 무료 기간 승계 가능여부가 다르므로, 자세한 차종별 요금제안내는 아래 페이지를 참고해주세요. ※ 블루링크 차종별 요금제 안내 ▶바로가기  중고차 구매 시 마이현대 앱으로 가입하실 수 있습니다. 자세한 가입 안내는 아래 페이지를 참고해주세요. ※ 블루링크 서비스 가입 안내 ▶바로가기"
블루링크,[해지] 블루링크를 해지하고 싶습니다.,블루링크 해지는 아래 모바일 페이지 또는 블루링크 고객센터에서 가능합니다. 해지 모바일 페이지 ▶바로가기  블루링크 고객센터 080-600-6000 서비스 가입/해지/변경 등 (안전 보안 서비스 24시간 제공) 평일 08:30 ~ 18:00 (주말/공휴일 휴무)
블루링크,[요금제] 요금제 납부 방식을 변경하고 싶습니다.,블루링크 요금제 납부 방법 조회 및 변경은 아래 모바일 페이지 또는 블루링크 고객센터에서 가능합니다. ※ 법인/리스/렌트 차량은 블루링크 고객센터에서 처리 가능  요금제 납부 방법 조회 및 변경 모바일 페이지 ▶바로가기  - 블루링크 고객센터 080-600-6000 - 서비스 가입/해지/변경 등 (안전 보안 서비스 24시간 제공) - 평일 08:30 ~ 18:00 (주말/공휴일 휴무)
블루링크,[요금제] 사용 중인 블루링크 요금제가 궁금합니다.,블루링크 자세한 차종별 요금제 안내는 아래 페이지를 참고해주세요.  블루링크 차종별 요금제 안내 ▶바로가기
블루링크,[가입] 블루링크는 어떻게 가입하나요?,블루링크는 블루링크 앱 또는 내비게이션(내비게이션 가입은 출고 후 1년 이내 최초 개통 시)으로 가입하실 수 있습니다. 자세한 가입 안내는 아래 페이지를 참고해주세요.  블루링크 서비스 가입 안내 ▶바로가기
블루링크,[가입] 중고차를 구입했는데 블루링크에 가입할 수 있나요?,"중고차 구매 후 블루링크 가입 시 유료로 이용 또는 무료 기간 승계가 가능하신 경우 무료 기간이 제공됩니다. 블루링크 요금제에 따라 무료 기간 승계 가능여부가 다르므로, 자세한 차종별 요금제안내는 아래 페이지를 참고해주세요. ※ 블루링크 차종별 요금제 안내 ▶바로가기  중고차 구매 시 마이현대 앱으로 가입하실 수 있습니다. 자세한 가입 안내는 아래 페이지를 참고해주세요. ※ 블루링크 서비스 가입 안내 ▶바로가기"
블루링크,[해지] 블루링크를 해지하고 싶습니다.,블루링크 해지는 아래 모바일 페이지 또는 블루링크 고객센터에서 가능합니다. 해지 모바일 페이지 ▶바로가기  블루링크 고객센터 080-600-6000 서비스 가입/해지/변경 등 (안전 보안 서비스 24시간 제공) 평일 08:30 ~ 18:00 (주말/공휴일 휴무)
블루링크,[해지] 블루링크 가입 차량을 매각하면 자동으로 해지되나요?,블루링크 가입 차량을 매각하신 경우 반드시 블루링크 서비스를 해지하셔야 합니다. 블루링크 서비스를 해지하지 않으시면 계속 서비스 이용요금이 부과됩니다. 블루링크 해지는 아래 모바일 페이지 또는 블루링크 고객센터에서 가능합니다. 해지 모바일 페이지 ▶바로가기  블루링크 고객센터 080-600-6000 서비스 가입/해지/변경 등 (안전 보안 서비스 24시간 제공) 평일 08:30 ~ 18:00 (주말/공휴일 휴무)
블루링크,[가입] 법인/리스/렌트 차량도 블루링크를 가입할 수 있나요?,"도난추적 서비스는 블루링크 고객센터에 요청하시면 됩니다. 단, 위치 정보 제공을 위해서는 반드시 경찰관서에 도난 신고를 하셔야만 합니다. 사전에 도난 신고가 접수되지 않은 경우에는 고객과 경찰서, 블루링크 고객센터 3자간 통화를 통해 고객님이 직접 도난 신고를 하실 수 있도록 도와 드립니다.  블루링크 고객센터 080-600-6000 서비스 가입/해지/변경 등 (안전 보안 서비스 24시간 제공) 평일 08:30 ~ 18:00 (주말/공휴일 휴무)"
블루링크,[서비스] 에어백 전개 자동통보 서비스는 어떻게 이용하나요?,"에어백 전개 자동통보 서비스는 고객님 차량의 에어백이 전개되면 블루링크 고객센터로 사고가 자동 접수되어 상담원이 고객님의 차량으로 사고 상황을 알아보기 위해 전화 드립니다. 고객님은 침착하게 사고 상황만 말씀해 주시면 119 및 보험사 등에 출동요청을 해 드리며, 만약 차량 탑승자의 부상 정도가 심해 사고 상황을 설명할 수 없는 경우에는 자동으로 긴급 출동을 요청하게 됩니다."
블루링크,[서비스] 블루링크 단말기는 어디에서 판매 하나요?,"블루링크 단말기는 차량 일체형으로 신규 차량구매시 옵션으로 구매하실 수 있으며, 단말기 만을 구입하여 기존에 보유하고 계신 차량에 별도로 장착 하실 수는 없습니다."
블루링크,[앱] 마이현대 앱은 어떻게 사용하나요?,마이현대 앱 설치 및 로그인 등 자세한 이용 안내는 아래 페이지를 참고해주세요.  마이현대 앱 이용 안내 ▶바로가기
블루링크,[서비스] 도난 경보 알림 서비스는 어떻게 이용하나요?,"도난 경보 알림 서비스는 차량의 도난 경보가 작동하게 되면 블루링크 센터로 신호가 자동으로 접수되어, 고객 휴대폰으로 긴급상황임을 알리는 문자 메시지를 전송해 드리는 서비스입니다. 단, 시동을 끈 후 48시간이 경과되면 도난 경보 알림 서비스가 제공되지 않습니다. 차량을 도난 당했을 경우에는 블루링크 고객센터로 도난 추적 서비스를 요청하시면 됩니다.  블루링크 고객센터 080-600-6000 서비스 가입/해지/변경 등 (안전 보안 서비스 24시간 제공) 평일 08:30 ~ 18:00 (주말/공휴일 휴무)"
블루링크,[서비스] 도난 추적 서비스 요청은 어떻게 해야 하나요?,"도난추적 서비스는 블루링크 고객센터에 요청하시면 됩니다. 단, 위치 정보 제공을 위해서는 반드시 경찰관서에 도난 신고를 하셔야만 합니다. 사전에 도난 신고가 접수되지 않은 경우에는 고객과 경찰서, 블루링크 고객센터 3자간 통화를 통해 고객님이 직접 도난 신고를 하실 수 있도록 도와 드립니다.  블루링크 고객센터 080-600-6000 서비스 가입/해지/변경 등 (안전 보안 서비스 24시간 제공) 평일 08:30 ~ 18:00 (주말/공휴일 휴무)"
블루링크,[서비스] 긴급 견인 출동 요원이 견인을 하면서 특수 장비가 필요한 경우 추가 비용이 드나요?,"도로를 이탈하거나 장애물 등으로 인해 자력 주행이 불가능하여 구난을 필요로 할 경우 긴급구난 서비스가 제공됩니다. 그러나 이 경우 별도의 구난장비 없이 견인차(렉카)로 구난이 가능한 경우에 한하며, 별도의 구난장비가 필요하거나 작업 난이도에 따라 추가비용을 지급하여야 합니다. 또한 구난작업 30분 초과시(현장도착에서 완료까지의 시간) 별도의 비용을 부담 하여야 합니다."
블루링크,"[서비스] 도난 추적 서비스 요청을 했는데, 추적이 불가능한 경우가 있나요?",도난 추적 서비스는 차량의 전류 공급 안정성을 위해 시동이 꺼진 후 아래의 시간 동안 지원 가능합니다. 따라서 시동이 꺼진 후 아래 시간 이상 경과하여 이후에 도난 차량의 재시동이 되지 않는 경우에는 차량의 위치추적이 불가능할 수 있습니다.  - 블루링크 1.0 차량 : 시동이 꺼진 시점으로부터 48시간(2015년 4차 정기 업데이트 시 96시간) - 블루링크 2.0 및 3.0 차량 : 시동이 꺼진 시점으로부터 96시간 - 10.25인치 이상의 내비게이션 장착 차량 : 시동이 꺼진 시점으로부터 168시간 - ccNC 장착 차량 : 시동이 꺼진 시점으로부터 336시간  - 과거 위치 정보 : 위치 정보 수집 시점으로부터 2주 이내
블루링크,[앱] 다른 사람에게 블루링크 가입 차량을 공유할 수 있나요?,마이현대 앱에서 블루링크 가입 차량 공유가 가능합니다. 자세한 공유 안내는 아래 페이지를 참고해주세요.  마이현대 앱 차량 공유 안내 ▶바로가기
현대 디지털 키,출고 이후 카드키만 따로 구매 가능한가요?,"NFC 카드키를 따로 구매하는 것은 가능하지만, 디지털키 옵션을 선택하지 않은 경우 등록은 불가능 합니다. 즉, 디지털키 옵션 선택한 경우에만 NFC 카드 키 등록이 가능합니다.  NFC 카드 키 구매는 전국 모비스 A/S망(오프라인) 및 블루멤버스 포인트몰(온라인)에서 구매할 수 있으며 카드 키 등록 방법은 크게 1. NFC 카드 키 등록 인증 → 2. 차량 내 카드 키 등록으로 이루어 집니다. 보다 자세한 절차는 위 ""NFC 카드키 등록은 어떻게 하나요?"" 문항을 참고 부탁드립니다."
현대 디지털 키,디지털 키 App이 계속 자동으로 꺼지는데 어떻게 하나요?,"App이 자동으로 종료되는 현상은 크게 2가지로 나뉩니다. 각 경우에 해당하는 항목을 참고하세요.  1. 최신 버전 미지원: 현대 디지털 키 App이 최신 버전이 아닐 경우, 간혹 App이 종료될 수 있습니다. 이 경우 구글 플레이 스토어에서 App을 최신 버전으로 업데이트 하시면 정상 사용 가능합니다.  2. 보안 프로그램 충돌: 현대 디지털 키 App의 보안 솔루션 기능에서 Rooting이 탐지 될 경우 App이 자동으로 종료될 수 있습니다. 이 경우 스마트폰의 Root 권한을 사용하는 App을 삭제하시면 디지털 키 정상 사용 가능합니다.  ■ 스마트폰의 Root 권한을 사용하는 App 확인 방법 구글 플레이 스토어 →“Root” 또는 “Superuser”로 검색 →해당 App 목록을 확인"
현대 디지털 키,"소유 차량 등록 확인은 어떻게 하나요?(중고차, 명의변경)","중고차 혹은 명의변경의 경우는 다음과 같은 절차로 차량 등록 가능합니다. (자동차 등록원부 상 ""대표 명의자""만 인증이 가능합니다.)  ■ 디지털 키 APP 메뉴 [차량 인증] - [디지털 키 차량 등록 확인] - [팝업된 정보 입력]"
현대 디지털 키,공동명의 차량인데 차량 등록이 안되는데 어떻게 해야 하나요?,"현대 디지털 키 App은 '자동차 등록원부' 상 차량의 대표 명의자(1명)로 등재가 되어 있는 소유주 분만 인증이 가능합니다. 공동명의의 경우 역시 차량의 대표 명의자는 1명으로 대표 명의자가 키를 발급받고, 공동 명의자에게 키를 공유하는 방식으로 사용이 가능합니다.  ■ 차량 대표 명의자 확인 방법 1) 인터넷 : 자동차 365(http://car365.go.kr)→ 자동차민원 대국민포털 → 등록원부발급(무료) → 차량 대표 명의자 확인"
현대 디지털 키,휴대폰 nfc기능이 인식이 안돼요. 어떻게 해야하나요?,금속 혹은 두꺼운 핸드폰 케이스를 사용하거나 무선 충전 패드 위에 금속류의 부착물을 장착한 경우에는 전파 간섭에 의해 현대 디지털 키 이용에 제한이 있을 수 있습니다. 이 경우 휴대폰 케이스 및 패드 부착물 제거하시면 nfc 정상 인식 및 동작 가능합니다.
현대 디지털 키,출고 이후 카드키만 따로 구매 가능한가요?,"NFC 카드키를 따로 구매하는 것은 가능하지만, 디지털키 옵션을 선택하지 않은 경우 등록은 불가능 합니다. 즉, 디지털키 옵션 선택한 경우에만 NFC 카드 키 등록이 가능합니다.  NFC 카드 키 구매는 전국 모비스 A/S망(오프라인) 및 블루멤버스 포인트몰(온라인)에서 구매할 수 있으며 카드 키 등록 방법은 크게 1. NFC 카드 키 등록 인증 → 2. 차량 내 카드 키 등록으로 이루어 집니다. 보다 자세한 절차는 위 ""NFC 카드키 등록은 어떻게 하나요?"" 문항을 참고 부탁드립니다."
현대 디지털 키,디지털 키 App이 계속 자동으로 꺼지는데 어떻게 하나요?,"App이 자동으로 종료되는 현상은 크게 2가지로 나뉩니다. 각 경우에 해당하는 항목을 참고하세요.  1. 최신 버전 미지원: 현대 디지털 키 App이 최신 버전이 아닐 경우, 간혹 App이 종료될 수 있습니다. 이 경우 구글 플레이 스토어에서 App을 최신 버전으로 업데이트 하시면 정상 사용 가능합니다.  2. 보안 프로그램 충돌: 현대 디지털 키 App의 보안 솔루션 기능에서 Rooting이 탐지 될 경우 App이 자동으로 종료될 수 있습니다. 이 경우 스마트폰의 Root 권한을 사용하는 App을 삭제하시면 디지털 키 정상 사용 가능합니다.  ■ 스마트폰의 Root 권한을 사용하는 App 확인 방법 구글 플레이 스토어 →“Root” 또는 “Superuser”로 검색 →해당 App 목록을 확인"
현대 디지털 키,"소유 차량 등록 확인은 어떻게 하나요?(중고차, 명의변경)","중고차 혹은 명의변경의 경우는 다음과 같은 절차로 차량 등록 가능합니다. (자동차 등록원부 상 ""대표 명의자""만 인증이 가능합니다.)  ■ 디지털 키 APP 메뉴 [차량 인증] - [디지털 키 차량 등록 확인] - [팝업된 정보 입력]"
현대 디지털 키,공동명의 차량인데 차량 등록이 안되는데 어떻게 해야 하나요?,"현대 디지털 키 App은 '자동차 등록원부' 상 차량의 대표 명의자(1명)로 등재가 되어 있는 소유주 분만 인증이 가능합니다. 공동명의의 경우 역시 차량의 대표 명의자는 1명으로 대표 명의자가 키를 발급받고, 공동 명의자에게 키를 공유하는 방식으로 사용이 가능합니다.  ■ 차량 대표 명의자 확인 방법 1) 인터넷 : 자동차 365(http://car365.go.kr)→ 자동차민원 대국민포털 → 등록원부발급(무료) → 차량 대표 명의자 확인"
현대 디지털 키,휴대폰 nfc기능이 인식이 안돼요. 어떻게 해야하나요?,금속 혹은 두꺼운 핸드폰 케이스를 사용하거나 무선 충전 패드 위에 금속류의 부착물을 장착한 경우에는 전파 간섭에 의해 현대 디지털 키 이용에 제한이 있을 수 있습니다. 이 경우 휴대폰 케이스 및 패드 부착물 제거하시면 nfc 정상 인식 및 동작 가능합니다.
현대 디지털 키,출고 이후 카드키만 따로 구매 가능한가요?,"NFC 카드키를 따로 구매하는 것은 가능하지만, 디지털키 옵션을 선택하지 않은 경우 등록은 불가능 합니다. 즉, 디지털키 옵션 선택한 경우에만 NFC 카드 키 등록이 가능합니다.  NFC 카드 키 구매는 전국 모비스 A/S망(오프라인) 및 블루멤버스 포인트몰(온라인)에서 구매할 수 있으며 카드 키 등록 방법은 크게 1. NFC 카드 키 등록 인증 → 2. 차량 내 카드 키 등록으로 이루어 집니다. 보다 자세한 절차는 위 ""NFC 카드키 등록은 어떻게 하나요?"" 문항을 참고 부탁드립니다."
현대 디지털 키,디지털 키 App이 계속 자동으로 꺼지는데 어떻게 하나요?,"App이 자동으로 종료되는 현상은 크게 2가지로 나뉩니다. 각 경우에 해당하는 항목을 참고하세요.  1. 최신 버전 미지원: 현대 디지털 키 App이 최신 버전이 아닐 경우, 간혹 App이 종료될 수 있습니다. 이 경우 구글 플레이 스토어에서 App을 최신 버전으로 업데이트 하시면 정상 사용 가능합니다.  2. 보안 프로그램 충돌: 현대 디지털 키 App의 보안 솔루션 기능에서 Rooting이 탐지 될 경우 App이 자동으로 종료될 수 있습니다. 이 경우 스마트폰의 Root 권한을 사용하는 App을 삭제하시면 디지털 키 정상 사용 가능합니다.  ■ 스마트폰의 Root 권한을 사용하는 App 확인 방법 구글 플레이 스토어 →“Root” 또는 “Superuser”로 검색 →해당 App 목록을 확인"
현대 디지털 키,"소유 차량 등록 확인은 어떻게 하나요?(중고차, 명의변경)","중고차 혹은 명의변경의 경우는 다음과 같은 절차로 차량 등록 가능합니다. (자동차 등록원부 상 ""대표 명의자""만 인증이 가능합니다.)  ■ 디지털 키 APP 메뉴 [차량 인증] - [디지털 키 차량 등록 확인] - [팝업된 정보 입력]"
현대 디지털 키,공동명의 차량인데 차량 등록이 안되는데 어떻게 해야 하나요?,LG 기종 뿐만 아니라 삼성 기종에서도 일부 제조사/통신사 전용 서비스(각종 페이 등) 사용성 때문에 GPS를 켜야 NFC와 블루투스가 동작하는 스마트폰이 있습니다. 일반적으로 GPS ON 상태를 권장합니다.
현대 디지털 키,법인 구매 고객은 주사용자 등록을 어떻게 하나요?,법인 실운행 개인 고객 이용 가능합니다 (현대자동차 법인 페이지 통해 차량 등록 후 스마트폰에서 가능함) 상세 경로 : 현대자동차 홈페이지 법인 회원 가입 → 법인 로그인 → 법인 페이지 → (하단) 현대 디지털 키 주 사용자관리 → 주 사용자 등록/수정 → 개인 사용자 정보 입력 → 가입 안내 문자 발송 → 개인 스마트폰에서 등록 진행 하시면 됨 유선안내하고 문자로도 발송
현대 디지털 키,핀번호 잊은 경우에는 어떻게 하나요?,"홈페이지에서 마이페이지 상에 PIN 초기화 시, 탈퇴 없이도 본인인증을 하면 PIN을 새로 변경해 사용할 수 있습니다."
현대 디지털 키,"안드로이드 OS 버전, 블루투스 버전 확인 방법은 어떻게 되나요?","안드로이드 OS 보는 법, 블루투스 버전 확인은 스마트폰 제조사 홈페이지를 참고해 주시기 바랍니다."
현대 디지털 키,NFC 카드키 등록은 어떻게 하나요?,"NFC카드는 외부에서 구매가 가능해 발렛파킹 등에서 타인의 카드키를 쉽게 등록하는 것을 방지하기 위해 여러 인증 방법을 거쳐 등록이 가능합니다. NFC 카드 키 등록 방법은 다음과 같이 크게 2가지 절차로 구분됩니다. 1. NFC 카드 키 등록 인증 2. 차량 내 카드 키 등록  1. NFC 카드 키 등록 인증(3가지 방법 중 택일) ■ 블루투스 인증 방식 1) 현대 디지털 키 앱 에서 [카드 키 등록 인증] – [블루투스 인증] 선택 2) 인증 성공 메시지 확인 하고 5분 이내 [2. 차량 내 카드 키 등록] 절차 진행  ■ NFC 인증 방식 1) 현대 디지털 키 앱에서 [카드 키 등록 인증] – [NFC 인증] 선택 2) 운전석/조수석 도어 손잡이에 디지털 키(스마트폰) 접촉하여 인증 수행 3) 인증 성공 메시지 확인 하고 5분 이내 [2. 차량 내 카드 키 등록] 절차 진행  ■ 스마트 키 인증 방식(아이폰 사용자 포함 아반떼CN7, 쏘나타 DN8 20MY 및 이후 출시 차종에 한함) 1) 스마트 키 2개를 소지한 상태에서 차량에 탑승 2) [2. 차량 내 카드 키 등록] 절차 진행  2. 차량 내 카드 키 등록 1) 1개 이상의 스마트 FOB 키를 소지한 상태로 차량 탑승 합니다 2) 스마트폰 무선충전 패드에 카드 키를 거치합니다. 3) AVN 화면에서 '카드 키' > '등록' 버튼을 눌러 카드 키를 차량에 등록합니다."
현대 디지털 키,LG 핸드폰은 GPS ON 해야 디지털키 사용이 가능한가요?,LG 기종 뿐만 아니라 삼성 기종에서도 일부 제조사/통신사 전용 서비스(각종 페이 등) 사용성 때문에 GPS를 켜야 NFC와 블루투스가 동작하는 스마트폰이 있습니다. 일반적으로 GPS ON 상태를 권장합니다.
현대 디지털 키,법인 구매 고객은 주사용자 등록을 어떻게 하나요?,법인 실운행 개인 고객 이용 가능합니다 (현대자동차 법인 페이지 통해 차량 등록 후 스마트폰에서 가능함) 상세 경로 : 현대자동차 홈페이지 법인 회원 가입 → 법인 로그인 → 법인 페이지 → (하단) 현대 디지털 키 주 사용자관리 → 주 사용자 등록/수정 → 개인 사용자 정보 입력 → 가입 안내 문자 발송 → 개인 스마트폰에서 등록 진행 하시면 됨 유선안내하고 문자로도 발송
빌트인캠,미지원 기종은 아예 앱스토어 '현대 디지털 키' 어플 검색 불가한가요?,"기본적으로 구글플레이에서 App을 검색할 때에는 OS 버전만 체크가 가능합니다. 미지원 스마트폰이더라도 안드로이드 OS 7.0이상의 스마트폰에서는 우선 검색 및 설치가 가능합니다. 단, App 구동 시 대상 스마트폰이 아니라는 메시지가 App에서 나오게 됩니다."
빌트인캠,홈페이지 지원기종 탭에 없지만 최신 기종 이라면 언제 업데이트 예정인가요?,"홈페이지에 기재 되어있지 않은 모델일지라도, 호환 리스트에 있는 기종보다 이후에 출시된 최신 기종이라면(안드로이드 OS 7.0 이상, 블루투스 버전 4.2 이상, TEE 지원(디지털 키 암호화 보안영역 지원))현대 디지털 키 이용이 가능합니다.  다만, 중국계 스마트폰(화웨이, 샤오미 등)및 구글전용 폰, 삼성 및 LG의 저가 라인 등은 신규 스마트폰이더라도 TEE 영역 미지원으로 설치 및 실행이 안될 수 있습니다. (App 설치 후 구동 시 대상 스마트폰이 아니라고 나옴) 홈페이지 호환 리스트에도 디지털 키를 이용 가능한 최신 기종에 대해 빠르게 업데이트 할 수 있도록 하겠습니다."
빌트인캠,미지원 기종은 아예 앱스토어 '현대 디지털 키' 어플 검색 불가한가요?,"기본적으로 구글플레이에서 App을 검색할 때에는 OS 버전만 체크가 가능합니다. 미지원 스마트폰이더라도 안드로이드 OS 7.0이상의 스마트폰에서는 우선 검색 및 설치가 가능합니다. 단, App 구동 시 대상 스마트폰이 아니라는 메시지가 App에서 나오게 됩니다."
빌트인캠,홈페이지 지원기종 탭에 없지만 최신 기종 이라면 언제 업데이트 예정인가요?,"홈페이지에 기재 되어있지 않은 모델일지라도, 호환 리스트에 있는 기종보다 이후에 출시된 최신 기종이라면(안드로이드 OS 7.0 이상, 블루투스 버전 4.2 이상, TEE 지원(디지털 키 암호화 보안영역 지원))현대 디지털 키 이용이 가능합니다.  다만, 중국계 스마트폰(화웨이, 샤오미 등)및 구글전용 폰, 삼성 및 LG의 저가 라인 등은 신규 스마트폰이더라도 TEE 영역 미지원으로 설치 및 실행이 안될 수 있습니다. (App 설치 후 구동 시 대상 스마트폰이 아니라고 나옴) 홈페이지 호환 리스트에도 디지털 키를 이용 가능한 최신 기종에 대해 빠르게 업데이트 할 수 있도록 하겠습니다."
빌트인캠,미지원 기종은 아예 앱스토어 '현대 디지털 키' 어플 검색 불가한가요?,"기본적으로 구글플레이에서 App을 검색할 때에는 OS 버전만 체크가 가능합니다. 미지원 스마트폰이더라도 안드로이드 OS 7.0이상의 스마트폰에서는 우선 검색 및 설치가 가능합니다. 단, App 구동 시 대상 스마트폰이 아니라는 메시지가 App에서 나오게 됩니다."
빌트인캠,홈페이지 지원기종 탭에 없지만 최신 기종 이라면 언제 업데이트 예정인가요?,"홈페이지에 기재 되어있지 않은 모델일지라도, 호환 리스트에 있는 기종보다 이후에 출시된 최신 기종이라면(안드로이드 OS 7.0 이상, 블루투스 버전 4.2 이상, TEE 지원(디지털 키 암호화 보안영역 지원))현대 디지털 키 이용이 가능합니다.  다만, 중국계 스마트폰(화웨이, 샤오미 등)및 구글전용 폰, 삼성 및 LG의 저가 라인 등은 신규 스마트폰이더라도 TEE 영역 미지원으로 설치 및 실행이 안될 수 있습니다. (App 설치 후 구동 시 대상 스마트폰이 아니라고 나옴) 홈페이지 호환 리스트에도 디지털 키를 이용 가능한 최신 기종에 대해 빠르게 업데이트 할 수 있도록 하겠습니다."
빌트인캠,미지원 기종은 아예 앱스토어 '현대 디지털 키' 어플 검색 불가한가요?,"기본적으로 구글플레이에서 App을 검색할 때에는 OS 버전만 체크가 가능합니다. 미지원 스마트폰이더라도 안드로이드 OS 7.0이상의 스마트폰에서는 우선 검색 및 설치가 가능합니다. 단, App 구동 시 대상 스마트폰이 아니라는 메시지가 App에서 나오게 됩니다."
빌트인캠,홈페이지 지원기종 탭에 없지만 최신 기종 이라면 언제 업데이트 예정인가요?,"홈페이지에 기재 되어있지 않은 모델일지라도, 호환 리스트에 있는 기종보다 이후에 출시된 최신 기종이라면(안드로이드 OS 7.0 이상, 블루투스 버전 4.2 이상, TEE 지원(디지털 키 암호화 보안영역 지원))현대 디지털 키 이용이 가능합니다.  다만, 중국계 스마트폰(화웨이, 샤오미 등)및 구글전용 폰, 삼성 및 LG의 저가 라인 등은 신규 스마트폰이더라도 TEE 영역 미지원으로 설치 및 실행이 안될 수 있습니다. (App 설치 후 구동 시 대상 스마트폰이 아니라고 나옴) 홈페이지 호환 리스트에도 디지털 키를 이용 가능한 최신 기종에 대해 빠르게 업데이트 할 수 있도록 하겠습니다."
기타,미지원 기종은 아예 앱스토어 '현대 디지털 키' 어플 검색 불가한가요?,"기본적으로 구글플레이에서 App을 검색할 때에는 OS 버전만 체크가 가능합니다. 미지원 스마트폰이더라도 안드로이드 OS 7.0이상의 스마트폰에서는 우선 검색 및 설치가 가능합니다. 단, App 구동 시 대상 스마트폰이 아니라는 메시지가 App에서 나오게 됩니다."
기타,홈페이지 지원기종 탭에 없지만 최신 기종 이라면 언제 업데이트 예정인가요?,"홈페이지에 기재 되어있지 않은 모델일지라도, 호환 리스트에 있는 기종보다 이후에 출시된 최신 기종이라면(안드로이드 OS 7.0 이상, 블루투스 버전 4.2 이상, TEE 지원(디지털 키 암호화 보안영역 지원))현대 디지털 키 이용이 가능합니다.  다만, 중국계 스마트폰(화웨이, 샤오미 등)및 구글전용 폰, 삼성 및 LG의 저가 라인 등은 신규 스마트폰이더라도 TEE 영역 미지원으로 설치 및 실행이 안될 수 있습니다. (App 설치 후 구동 시 대상 스마트폰이 아니라고 나옴) 홈페이지 호환 리스트에도 디지털 키를 이용 가능한 최신 기종에 대해 빠르게 업데이트 할 수 있도록 하겠습니다."
기타,미지원 기종은 아예 앱스토어 '현대 디지털 키' 어플 검색 불가한가요?,"기본적으로 구글플레이에서 App을 검색할 때에는 OS 버전만 체크가 가능합니다. 미지원 스마트폰이더라도 안드로이드 OS 7.0이상의 스마트폰에서는 우선 검색 및 설치가 가능합니다. 단, App 구동 시 대상 스마트폰이 아니라는 메시지가 App에서 나오게 됩니다."
기타,홈페이지 지원기종 탭에 없지만 최신 기종 이라면 언제 업데이트 예정인가요?,"홈페이지에 기재 되어있지 않은 모델일지라도, 호환 리스트에 있는 기종보다 이후에 출시된 최신 기종이라면(안드로이드 OS 7.0 이상, 블루투스 버전 4.2 이상, TEE 지원(디지털 키 암호화 보안영역 지원))현대 디지털 키 이용이 가능합니다.  다만, 중국계 스마트폰(화웨이, 샤오미 등)및 구글전용 폰, 삼성 및 LG의 저가 라인 등은 신규 스마트폰이더라도 TEE 영역 미지원으로 설치 및 실행이 안될 수 있습니다. (App 설치 후 구동 시 대상 스마트폰이 아니라고 나옴) 홈페이지 호환 리스트에도 디지털 키를 이용 가능한 최신 기종에 대해 빠르게 업데이트 할 수 있도록 하겠습니다."
기타,미지원 기종은 아예 앱스토어 '현대 디지털 키' 어플 검색 불가한가요?,"기본적으로 구글플레이에서 App을 검색할 때에는 OS 버전만 체크가 가능합니다. 미지원 스마트폰이더라도 안드로이드 OS 7.0이상의 스마트폰에서는 우선 검색 및 설치가 가능합니다. 단, App 구동 시 대상 스마트폰이 아니라는 메시지가 App에서 나오게 됩니다."
기타,홈페이지 지원기종 탭에 없지만 최신 기종 이라면 언제 업데이트 예정인가요?,"홈페이지에 기재 되어있지 않은 모델일지라도, 호환 리스트에 있는 기종보다 이후에 출시된 최신 기종이라면(안드로이드 OS 7.0 이상, 블루투스 버전 4.2 이상, TEE 지원(디지털 키 암호화 보안영역 지원))현대 디지털 키 이용이 가능합니다.  다만, 중국계 스마트폰(화웨이, 샤오미 등)및 구글전용 폰, 삼성 및 LG의 저가 라인 등은 신규 스마트폰이더라도 TEE 영역 미지원으로 설치 및 실행이 안될 수 있습니다. (App 설치 후 구동 시 대상 스마트폰이 아니라고 나옴) 홈페이지 호환 리스트에도 디지털 키를 이용 가능한 최신 기종에 대해 빠르게 업데이트 할 수 있도록 하겠습니다."
기타,미지원 기종은 아예 앱스토어 '현대 디지털 키' 어플 검색 불가한가요?,"기본적으로 구글플레이에서 App을 검색할 때에는 OS 버전만 체크가 가능합니다. 미지원 스마트폰이더라도 안드로이드 OS 7.0이상의 스마트폰에서는 우선 검색 및 설치가 가능합니다. 단, App 구동 시 대상 스마트폰이 아니라는 메시지가 App에서 나오게 됩니다."
기타,홈페이지 지원기종 탭에 없지만 최신 기종 이라면 언제 업데이트 예정인가요?,"홈페이지에 기재 되어있지 않은 모델일지라도, 호환 리스트에 있는 기종보다 이후에 출시된 최신 기종이라면(안드로이드 OS 7.0 이상, 블루투스 버전 4.2 이상, TEE 지원(디지털 키 암호화 보안영역 지원))현대 디지털 키 이용이 가능합니다.  다만, 중국계 스마트폰(화웨이, 샤오미 등)및 구글전용 폰, 삼성 및 LG의 저가 라인 등은 신규 스마트폰이더라도 TEE 영역 미지원으로 설치 및 실행이 안될 수 있습니다. (App 설치 후 구동 시 대상 스마트폰이 아니라고 나옴) 홈페이지 호환 리스트에도 디지털 키를 이용 가능한 최신 기종에 대해 빠르게 업데이트 할 수 있도록 하겠습니다."
